Keyword,SEO Traffic,Majestic Title Comp,Majestic URL Comp,Majestic Anchor Comp,Majestic Domain Comp,Majestic Title and Anchor Comp,Searches/SEOT Estimated
play,37835,124916568,2596437699,36730271,3266725,854767,N
monitor,6214,25035090,109534893,3571800,1218198,168918,N
investing,5081,7358935,22765961,893410,564767,74473,N
cloud computing,3397,3606000,7224093,294796,218941,30275,N
how to make money,3397,1602147,3122379,295326,178395,10766,N
investment,1022,30120193,71970596,3179357,1162825,170054,N
investment banking,835,431859,887366,123869,57679,3208,N
earn money online,835,545661,594779,60379,53732,2139,N
how to earn money online,684,33300,129696,9574,12704,259,N
what is cloud computing,684,9691,36035,1919,6449,214,N
invest,559,10374407,99642314,753109,688625,58749,N
make money,559,8419373,14850927,1434480,488096,54700,N
making money online,374,374243,674401,50767,67874,2077,N
investments,307,8310476,16116221,762384,471697,42874,N
internet monitor,307,157916,19004,1876,4183,189,N
making money,250,1397402,3026040,210666,212392,11227,N
security camera system,250,67047,250574,27440,22754,459,N
money making ideas,250,44631,121063,13265,18135,373,N
how to invest money,250,3368,15731,1374,2930,64,N
cloud services,204,435261,1413186,68292,58680,6751,N
what is the cloud,204,3164,21232,593,2367,78,N
security system,167,1317541,2735779,156548,140561,5423,N
cloud hosting,167,1334697,1465169,33900,52635,3683,N
how can i make money,167,23830,104173,11894,11741,346,N
real estate investing,137,536135,1189798,60664,71782,2981,N
property investment,137,1505622,907891,38487,59609,2665,N
how to invest,137,233082,356708,32767,48980,2173,N
security camera systems,137,161034,261147,9035,14909,463,N
online money making,137,178968,157641,11348,18827,447,N
bandwidth monitor,137,14828,56007,4822,8166,319,N
investing for beginners,137,15230,93484,3466,6758,139,N
cloud computing pdf,137,2259,17545,479,4827,14,N
real estate investment,112,1064108,1554061,69033,88867,4077,N
capital investment,112,153262,164856,13238,25744,953,N
cloud technology,112,78587,157922,8218,14001,693,N
investment options,112,43218,126453,10361,21055,522,N
cloud app,112,18294,56485,4112,8516,439,N
what is cloud,112,25614,59152,2960,10353,372,N
how to make more money,112,12986,48664,6708,11699,248,N
how to make money blogging,112,22030,99519,7599,13226,219,N
investing for dummies,112,10135,48211,5945,11388,180,N
where to invest money,112,3373,10252,732,1861,43,N
cloud computing definition,112,1176,6448,167,742,20,N
money making,91,1289688,1508650,143129,121046,6537,N
hybrid cloud,91,91989,295344,27774,17841,3515,N
alternative investments,91,97097,169877,28081,21144,689,N
investment news,91,675962,745586,11587,9853,315,N
investing money,91,23028,185184,6449,23701,313,N
investment companies,91,39727,131186,8534,11174,310,N
earning money online,91,16190,60191,5969,12523,201,N
what is cloud storage,91,600,2772,162,766,15,N
cloud service,75,221235,321302,30329,33871,2602,N
earn online,75,43275,179236,12660,16985,524,N
investing in gold,75,48742,117495,9456,18043,417,N
ideas to make money,75,13077,54132,7734,7561,100,N
investment company,61,297766,320622,33159,35299,1613,N
investment bonds,61,6630,17287,1391,4419,344,N
invest money,61,52331,306119,9562,14206,327,N
online earn money,61,75133,93185,3049,6561,229,N
make money on youtube,61,19221,79730,6660,9270,180,N
what is investment,61,2025,5161,449,2645,78,N
short term investments,61,3978,11156,1037,2335,67,N
advantages of cloud computing,61,1463,4228,469,1172,24,N
what to invest in,61,2493,8723,482,3571,23,N
free cloud server,61,582,1007,109,394,17,N
cloud solutions,50,166388,481909,26658,21235,1410,N
investment strategies,50,322898,303003,12775,34669,856,N
make money blogging,50,65876,279697,22155,29538,842,N
cloud software,50,89359,234523,19041,13596,604,N
system monitor,50,39519,162910,7921,20021,515,N
performance monitor,50,38107,101985,6468,11818,438,N
invest in gold,50,38751,85450,8612,16316,407,N
investment ideas,50,92608,217102,5375,8417,339,N
ways to earn money online,50,12747,40502,4368,7339,141,N
good investments,50,4280,40946,1521,4120,117,N
earn money online free,50,31240,12819,2631,2797,96,N
network traffic monitor,50,3447,10170,893,2595,70,N
investment advice,40,375488,372726,12734,26820,1078,N
net monitor,40,23675,595324,10793,13640,473,N
where to invest,40,25367,57065,4510,10174,334,N
cloud computing security,40,13511,100364,2461,5794,308,N
traffic monitor,40,59016,38123,3684,7410,266,N
investment firms,40,45613,117683,3429,7230,250,N
make money now,40,32049,50104,8191,11504,246,N
how make money,40,7738,184982,5499,10907,99,N
how to invest your money,40,2299,6654,580,2244,29,N
cloud computing wiki,40,617,917,91,220,3,N
cloud based,33,850412,763825,63551,58688,7627,N
cloud platform,33,227036,330892,24871,23037,2132,N
make more money,33,230803,547662,144745,54300,1657,N
cloud computing services,33,67348,177314,4340,11209,518,N
investment plans,33,32423,67224,5048,10625,351,N
cloud architecture,33,21835,30720,4175,4796,180,N
cloud service providers,33,9430,18680,2634,3801,177,N
earn cash online,33,6539,30939,4078,6991,138,N
cloud computer,33,7290,26347,1576,4908,105,N
video security system,33,17325,40338,2773,6015,82,N
safe investments,33,3840,11059,989,3492,74,N
cloud computing architecture,33,3001,9756,456,1716,43,N
online money earning,33,1357,4485,1139,1167,41,N
investment strategy,26,110180,365533,15665,30874,1026,N
cloud providers,26,17070,47034,2971,5593,458,N
financial investment,26,330635,161842,8087,22616,456,N
investment income,26,18665,49401,4152,10297,383,N
stock investment,26,145674,101955,6380,13379,287,N
business security systems,26,96220,36479,1153,3995,142,N
mobile cloud computing,26,4832,12970,1347,2726,104,N
internet cloud,26,5686,60143,1100,4313,80,N
security system reviews,26,44128,23012,1965,3298,57,N
definition of cloud computing,26,675,2413,249,892,23,N
free cloud hosting,26,924,6076,243,2687,18,N
internet traffic monitor,26,267,2033,91,649,2,N
in the cloud,22,956375,974889,203219,69933,10207,N
cloud infrastructure,22,105295,151188,30492,13426,906,N
investment firm,22,37690,101664,16707,24248,896,N
alternative investment,22,95562,328777,114012,14896,667,N
business investment,22,178833,1395526,15625,27434,639,N
cloud system,22,64811,132928,5796,9342,300,N
cloud networking,22,19908,28919,3359,4058,240,N
investment account,22,17019,61971,2166,5019,150,N
money investment,22,122401,67060,2664,6617,113,N
cloud testing,22,3365,17069,786,2283,112,N
make money today,22,18183,66386,4680,7359,100,N
earn extra money online,22,6707,20827,2486,4657,69,N
earn online money,22,2979,29705,1802,2743,62,N
network bandwidth monitor,22,2216,10045,898,2475,60,N
i need to make money,22,2713,11892,2125,2508,50,N
monitor network traffic,22,1019,3101,293,901,39,N
small investments,22,1498,5225,605,2058,34,N
low risk investments,22,735,2953,409,1038,25,N
tax free investments,22,4055,4302,270,2793,12,N
how to monitor network traffic,22,99,351,71,161,6,N
cloud management,18,67874,126431,85704,10214,954,N
real estate investments,18,335112,278382,14159,34202,852,N
cloud apps,18,26823,135372,5131,8647,603,N
cloud application,18,159816,120579,6172,9692,473,N
server monitor,18,43162,96013,5207,8254,408,N
long term investment,18,21349,60384,7014,14426,392,N
investment policy,18,18838,93689,4425,12269,366,N
security monitor,18,23165,81607,10095,13969,313,N
investment planning,18,77874,121819,5059,14994,294,N
cloud network,18,64878,64454,7430,10166,280,N
investment tips,18,36469,67855,3999,15308,239,N
ip monitor,18,13326,35064,3766,5647,220,N
money making websites,18,5738,24227,3756,4394,208,N
cloud based services,18,7716,22036,1824,4278,158,N
money making online,18,80587,28938,3609,5851,154,N
short term investment,18,6477,10884,6273,2673,79,N
cloud internet,18,23249,30645,1135,2521,73,N
i want to make money,18,2635,10163,1864,2391,62,N
cloud computing providers,18,3275,19939,567,2067,61,N
make the money,18,4790,19786,1950,5747,45,N
earn money online fast,18,5516,24502,1291,2472,35,N
cloud computing benefits,18,2040,7440,415,1895,34,N
cloud pc,18,2829,7328,464,1934,28,N
cloud computing advantages,18,358,2163,160,666,21,N
laser security system,18,577,2796,147,919,8,N
what is cloud technology,18,4169,438,31,153,2,N
cloud data,14,45692,159334,14322,14292,1229,N
cloud provider,14,24911,43628,3699,6938,595,N
cloud it,14,101321,429504,7032,7066,340,N
cloud web hosting,14,34553,155618,2406,12777,261,N
how do i make money,14,8643,37309,4461,5892,147,N
forex investment,14,182637,53871,3368,6081,119,N
commercial security systems,14,15405,11802,646,2041,63,N
making money online from home,14,6732,16317,1358,2754,46,N
free cloud computing,14,1808,4457,271,1236,36,N
how to make good money,14,4392,14680,1613,2810,24,N
high risk investments,14,626,2414,305,704,13,N
network speed monitor,14,461,2884,263,733,9,N
short term investment options,14,388,896,123,224,8,N
good investment ideas,14,328,610,141,232,7,N
linux network monitor,14,25,341,31,170,1,N
business cloud,12,262085,336735,23626,9243,822,N
cloud solution,12,41279,92861,8528,11287,601,N
cloud integration,12,11774,58326,11877,5706,371,N
host monitor,12,12525,37328,4363,6333,316,N
make cash online,12,26829,52316,4580,9841,126,N
need to make money,12,10314,36394,5424,6712,124,N
money making tips,12,67601,39698,3020,7548,116,N
money making sites,12,4683,10744,2007,2162,59,N
investment rates,12,2458,5262,396,1368,38,N
what is cloud hosting,12,2201,5355,186,1601,31,N
earn money online surveys,12,960,4377,1247,1050,31,N
money investments,12,32807,22316,2410,2431,25,N
monitor internet usage,12,521,2309,282,727,23,N
security system companies,12,4630,6586,518,1327,17,N
cloud programming,12,14643,1665,160,564,12,N
network monitor 3.4,12,637,1201,169,661,10,N
honeywell security system,12,835,3281,265,1107,8,N
house security systems,12,947,5368,439,1473,5,N
apartment security system,12,554,2137,189,809,3,N
network usage monitor,12,137,426,40,200,3,N
good investment,10,63260,254634,14063,33784,1072,N
investment guide,10,109852,138602,10209,14515,425,N
it cloud,10,39051,402683,4797,8000,240,N
cloud service provider,10,7806,25886,1342,3458,178,N
financial investments,10,19955,149895,1936,7410,144,N
website monitor,10,7304,79053,1941,3378,85,N
cloud computing applications,10,1271,5582,454,1571,43,N
lan monitor,10,2167,7631,660,1820,42,N
security systems reviews,10,4702,19600,2270,3404,41,N
online making money,10,13340,14326,1435,3248,31,N
how to make money now,10,835,5041,674,1608,10,N
house security system,10,2285,7410,335,2337,9,N
clouding computing,10,260,5057,46,245,1,N
small investment ideas,10,76,1282,45,154,0,N
making money ideas,8,16015,8117,2110,1806,722,N
land investment,8,62924,34609,2349,7186,195,N
web monitor,8,35447,62354,3664,5028,139,N
safe investment,8,7663,68498,1501,5987,117,N
cloud computing software,8,16008,16560,956,2491,113,N
network performance monitor,8,5293,33410,1808,3420,112,N
ways of making money online,8,3829,12452,1111,2976,44,N
earn money online for free,8,1425,5134,1372,1301,44,N
great investments,8,2607,9400,822,3246,39,N
saas cloud computing,8,13347,29971,324,1055,34,N
residential security systems,8,6324,18231,1586,2034,18,N
network activity monitor,8,267,1179,79,384,3,N
high interest investments,8,102,316,38,129,0,N
monitor software,7,23768,70974,5090,8769,401,N
make some money,7,17974,66142,6021,13755,191,N
invest your money,7,11223,34350,2476,8327,153,N
monitor network,7,14780,33713,1504,4254,124,N
small investment,7,6754,23071,3759,6040,100,N
make money free,7,9538,20894,3870,4952,92,N
cash investments,7,1018,4953,521,1300,39,N
security system installation,7,15521,17228,2532,3344,34,N
cloud based computing,7,1239,4579,366,1282,30,N
earn money fast online,7,2806,12877,923,1463,24,N
computer cloud,7,3086,4056,268,1003,18,N
making money online for free,7,1107,4861,995,938,15,N
network monitor software,7,1215,3032,184,1257,15,N
security systems companies,7,29204,5101,184,695,14,N
cloud computing free,7,1429,2903,397,1057,7,N
office security systems,7,1038,1503,135,544,7,N
honeywell security systems,7,554,1422,114,375,5,N
network monitor tool,7,314,1011,64,528,4,N
ms network monitor,7,263,864,50,138,2,N
money make,5,126412,1010158,13320,36552,447,N
investment business,5,45161,1015224,9757,13882,326,N
advanced host monitor,5,9419,28528,3731,4959,288,N
computing cloud,5,269020,631269,2314,8056,142,N
monitor website,5,31322,7858,1416,1547,59,N
free network monitor,5,993,2728,209,766,24,N
free online money making,5,1342,4670,974,1190,16,N
make money from website,5,440,2366,538,705,12,N
investment yield,5,486,1780,245,542,6,N
security systems for business,5,898,2079,142,362,3,N
apartment security systems,5,222,1041,109,304,2,N
definition cloud computing,5,159,610,26,172,2,N
to make money,4,3540159,5857957,551614,268419,20579,N
to the cloud,4,130144,276404,48551,31146,4240,N
make money from,4,1157422,914005,118277,86642,3856,N
want to make money,4,19656,66285,6996,14360,264,N
money investing,4,78461,105402,6300,11203,198,N
investment money,4,66253,33946,1757,3887,83,N
cash investment,4,2663,11558,945,2775,65,N
make money for free,4,3271,9413,2061,2130,59,N
site monitor,4,4291,327152,2416,3221,51,N
monitor server,4,5838,75360,671,2577,49,N
making money on the web,4,1894,9630,1330,3296,30,N
online money making opportunities,4,38592,12488,1284,3288,29,N
online money making ideas,4,9552,8605,879,1658,25,N
cloud computers,4,1024,5892,204,858,13,N
network monitor download,4,1351,4968,382,927,13,N
make money website,4,1039,6101,755,1510,9,N
download network monitor,4,918,2356,160,962,6,N
monitored security systems,4,42152,2021,132,678,5,N
small business security systems,4,310,995,85,467,5,N
wireless network monitor,4,435,2124,147,860,3,N
network monitor tools,4,108,275,27,129,2,N
lan traffic monitor,4,64,166,10,105,2,N
investment program,3,71782,114017,11710,11290,545,N
network monitor free,3,1610,1615,152,756,11,N
online money earn,3,664,8886,267,1149,6,N
monitor network usage,3,68,328,26,157,2,N
make real money,2,26788,78917,11603,15027,296,N
make a money,2,6772,14604,3663,3411,88,N
money invest,2,62403,354455,822,3034,48,N
network monitors,2,1586,9179,244,975,23,N
money earn online,2,1257,2149,288,431,20,N
solid investments,2,2400,1460,213,679,15,N
making online money,2,919,4659,548,1504,12,N
making money on the net,2,4335,6988,1013,1691,11,N
network monitor freeware,2,555,2170,108,528,9,N
home network monitor,2,34,142,10,70,2,N
server monitor software,2,464,720,26,303,1,N
best network monitor,2,24,76,4,25,1,N
open source network monitor,2,59,181,10,98,0,N
make money on the web,1,13670,28047,2091,6602,52,N
make money on the net,1,5067,13808,2007,3840,25,N
network monit?¦r,0,-,-,-,-,-,N
money online earn,0,43849,26261,1599,3814,53,N
